标题,链接
Spotify - Web Player: Music for everyone,
,https://open.spotify.com/playlist/37i9dQZF1E4vmmujp8nGFY
,https://open.spotify.com/playlist/37i9dQZF1E4uck3QJ20wGK
,https://open.spotify.com/album/2IYQwwgxgOIn7t3iF6ufFD
,https://open.spotify.com/playlist/37i9dQZF1E4Crur65dqXJz
,https://open.spotify.com/album/6nT2VfGN07ar1vdZyJY6ox
,https://open.spotify.com/artist/28gf2piFx6cAKOMIwcky5a
,https://open.spotify.com/artist/5fEQLwq1BWWQNR8GzhOIvi
,https://open.spotify.com/album/7ixOAT89NSsgUITYc5ByB5
,https://open.spotify.com/album/1qE3IWG3xPJZdLkAXB1rAs
,https://open.spotify.com/playlist/37i9dQZF1DX4SBhb3fqCJd
,https://open.spotify.com/playlist/37i9dQZF1E4nfFUoZvynfT
,https://open.spotify.com/playlist/37i9dQZF1E4vTHVDH1FT3Y
,https://open.spotify.com/artist/1r9DuPTHiQ7hnRRZ99B8nL
,https://open.spotify.com/playlist/37i9dQZF1DWV7EzJMK2FUI
,https://open.spotify.com/playlist/37i9dQZF1DX2M1RktxUUHG
,https://open.spotify.com/playlist/37i9dQZF1DX4UtSsGT1Sbe
,https://open.spotify.com/album/2Oqw9GtKcsHbjbL7OXNpO5
,https://open.spotify.com/playlist/37i9dQZF1E4ADWke3OfdSe
,https://open.spotify.com/album/4eV9Yp6io5hGIP7o3mTqN6
,https://open.spotify.com/playlist/37i9dQZF1DX4sWSpwq3LiO
,https://open.spotify.com/playlist/37i9dQZF1E4A4Wx1igYfpM
,https://open.spotify.com/artist/2elBjNSdBE2Y3f0j1mjrql
,https://open.spotify.com/artist/0rTP0x4vRFSDbhtqcCqc8K
,https://open.spotify.com/playlist/37i9dQZEVXbNG2KDcFcKOF
,https://open.spotify.com/playlist/37i9dQZF1DWXe9gFZP0gtP
,https://open.spotify.com/album/1ZBDI1LqnuAKdrePUF2D5m
,https://open.spotify.com/album/4xggkS8rdsJL3dgji8zW6W
,https://open.spotify.com/playlist/37i9dQZEVXbLp5XoPON0wI
,https://open.spotify.com/artist/6qqNVTkY8uBg9cP3Jd7DAH
,https://open.spotify.com/playlist/37i9dQZF1E4kYS6aVesavw
,https://open.spotify.com/artist/6g641431O1Xkl7HAs2yFEg
,https://open.spotify.com/playlist/37i9dQZF1DWTvNyxOwkztu
,https://open.spotify.com/artist/40tNK2YedBV2jRFAHxpifB
,https://open.spotify.com/playlist/37i9dQZF1E4tQoBO2n4fsQ
,https://open.spotify.com/playlist/37i9dQZF1E4ljUQTbw0xn3
,https://open.spotify.com/artist/6YVMFz59CuY7ngCxTxjpxE
,https://open.spotify.com/album/3iPSVi54hsacKKl1xIR2eH
,https://open.spotify.com/album/15XcLhiVMlSOipUddTNDnr
,https://open.spotify.com/album/7aJuG4TFXa2hmE4z1yxc3n
,https://open.spotify.com/artist/7Dx7RhX0mFuXhCOUgB01uM
,https://open.spotify.com/album/62Q1IHxGVNAj0RaVOcamqP
,https://open.spotify.com/playlist/37i9dQZF1E4pXr9gN0dGIQ
,https://open.spotify.com/artist/6fOqdhRNsMQqtwRwgo3NUv
,https://open.spotify.com/artist/0Awqm7GXGiBp8fJNGvywra
,https://open.spotify.com/album/5pSk3c3wVwnb2arb6ohCPU
,https://open.spotify.com/playlist/37i9dQZF1E4xvNRUPqu4qM
,https://open.spotify.com/playlist/37i9dQZEVXbLiRSasKsNU9
,https://open.spotify.com/album/7L8PtRIVYuqIeR9kXwmTek
,https://open.spotify.com/playlist/37i9dQZF1E4waUbTuY9ftW
,https://open.spotify.com/playlist/37i9dQZF1E4vU5E2EwJsor
,https://open.spotify.com/album/7v4sqd0NZ9Fm8HnwCcCGIs
,https://open.spotify.com/artist/376pcuw4IgWBMOUwCr8kIm
,https://open.spotify.com/album/7DEWBNaWhhqgjai4w7Mcau
,https://open.spotify.com/artist/0SIXZXJCAhNU8sxK0qm7hn
,https://open.spotify.com/playlist/37i9dQZF1DWWQRwui0ExPn
,https://open.spotify.com/playlist/37i9dQZF1E4towDeoM8RCJ
,https://open.spotify.com/artist/06HL4z0CvFAxyc27GXpf02
,https://open.spotify.com/album/4b65l6XzLp2Eg6lDTMmO1k
,https://open.spotify.com/artist/4TcOznbEZBqev21LzAH4KE
,https://open.spotify.com/playlist/37i9dQZF1DX4WYpdgoIcn6
,https://open.spotify.com/playlist/37i9dQZF1E4AgN1YVPIi5s
,https://open.spotify.com/playlist/37i9dQZF1DXcF6B6QPhFDv
,https://open.spotify.com/playlist/37i9dQZF1E4qn98jwxIjRQ
,https://open.spotify.com/artist/2QcZxAgcs2I1q7CtCkl6MI
,https://open.spotify.com/artist/6xErgeZYatiaQ36SB5bvi8
,https://open.spotify.com/playlist/37i9dQZF1DWXRqgorJj26U
,https://open.spotify.com/artist/1HY2Jd0NmPuamShAr6KMms
,https://open.spotify.com/artist/7aRC4L63dBn3CiLDuWaLSI
,https://open.spotify.com/playlist/37i9dQZEVXbMDoHDwVN2tF
,https://open.spotify.com/playlist/37i9dQZF1DXcBWIGoYBM5M
,https://open.spotify.com/album/3gHhPm8z8tid1kvpniUKuK
,https://open.spotify.com/playlist/37i9dQZF1E4AcOIl4rXyH6
,https://open.spotify.com/playlist/37i9dQZF1E4rQHwAzPrBRe
,https://open.spotify.com/album/6irebIc6UO8fN0jl4UlzBS
,https://open.spotify.com/album/0Xj4fXPKV0h6KhGQbUkDvy
,https://open.spotify.com/playlist/37i9dQZEVXbLRQDuF5jeBp
,https://open.spotify.com/playlist/37i9dQZEVXbKuaTI1Z1Afx
,https://open.spotify.com/playlist/37i9dQZF1E4woPSlTNI3Mg
